{
  "name": "customer",
  "base": "PersistedModel",
  "idInjection": true,
  "options": {
    "validateUpsert": true
  },
  "properties": {
    "name": {
      "type": "string"
    },
    "cnic": {
      "type": "string"
    },
    "age": {
      "type": "number"
    }
  },
  "validations": [],
  "relations": {
    "order1s": {
      "type": "hasMany",
      "model": "order1",
      "foreignKey": ""
    },
    "emails": {
      "type": "hasMany",
      "model": "email",
      "foreignKey": "customeremailid"
    }
  },
  "acls": [],
  "methods": {}
}
